{
    "training_losses": [
        0.0,
        0.0,
        0.0,
        0.0,
        0.0,
        0.0,
        0.0,
        0.0,
        0.0,
        0.0,
        0.0,
        0.0,
        0.0,
        0.0,
        0.0,
        0.0,
        0.0,
        0.0,
        0.0,
        0.0,
        0.0,
        0.0,
        0.0,
        0.0,
        0.0,
        0.0,
        0.0,
        0.0,
        0.0,
        0.0
    ],
    "val_losses": [
        1.5684840659300485,
        1.5684840659300485,
        1.568333206364983,
        1.5681589481376466,
        1.567705394824346,
        1.5673221253923006,
        1.5669060239286134,
        1.5666529073165014,
        1.5665069909199425,
        1.5664934193646467,
        1.566459619525879,
        1.5664085565364525,
        1.5663472849698294,
        1.5662787960842253,
        1.5661982725519652,
        1.566125086604095,
        1.5660584811715113,
        1.5660326559048194,
        1.5660487786022543,
        1.5660667368659267,
        1.5660829205639086,
        1.5660948491410205,
        1.566113649123165,
        1.5661469998834758,
        1.5661816839660918,
        1.5662297647516683,
        1.566267713895692,
        1.5663301790955912,
        1.5663745930550075,
        1.566418766919172,
        1.5664488606895042
    ],
    "examples_annotated": [
        20,
        20,
        20,
        20,
        20,
        20,
        20,
        20,
        20,
        20,
        20,
        20,
        20,
        20,
        20,
        20,
        20,
        20,
        20,
        20,
        20,
        20,
        20,
        20,
        20,
        20,
        20,
        20,
        20,
        20
    ],
    "features_annotated": [
        0,
        0,
        0,
        0,
        0,
        0,
        0,
        0,
        0,
        0,
        0,
        0,
        0,
        0,
        0,
        0,
        0,
        0,
        0,
        0,
        0,
        0,
        0,
        0,
        0,
        0,
        0,
        0,
        0,
        0
    ],
    "val_metrics": [
        {
            "rmse": 1.002773930432755,
            "mae": 0.7444444444444445,
            "pearson": 0.6270296428642088,
            "spearman": 0.6418109732679096,
            "kendall": 0.5621685467007835,
            "accuracy": 0.37222222222222223,
            "avg_expected_loss": 1.5684840659300485
        },
        {
            "rmse": 1.002773930432755,
            "mae": 0.7444444444444445,
            "pearson": 0.6270296428642088,
            "spearman": 0.6418109732679096,
            "kendall": 0.5621685467007835,
            "accuracy": 0.37222222222222223,
            "avg_expected_loss": 1.5684840659300485
        },
        {
            "rmse": 0.998683343734455,
            "mae": 0.7447368421052631,
            "pearson": 0.6286402092446131,
            "spearman": 0.6447786775005883,
            "kendall": 0.5652273834333438,
            "accuracy": 0.3684210526315789,
            "avg_expected_loss": 1.568333206364983
        },
        {
            "rmse": 1.01418510567422,
            "mae": 0.7571428571428571,
            "pearson": 0.6139459820014264,
            "spearman": 0.6344243052996904,
            "kendall": 0.5564700511584024,
            "accuracy": 0.3595238095238095,
            "avg_expected_loss": 1.5681589481376466
        },
        {
            "rmse": 1.015504800579495,
            "mae": 0.75625,
            "pearson": 0.6061949245102999,
            "spearman": 0.6303104614989927,
            "kendall": 0.5545947102166109,
            "accuracy": 0.35833333333333334,
            "avg_expected_loss": 1.567705394824346
        },
        {
            "rmse": 1.0411189035977453,
            "mae": 0.7696428571428572,
            "pearson": 0.5880347902950096,
            "spearman": 0.616358406884915,
            "kendall": 0.5425142950956223,
            "accuracy": 0.35714285714285715,
            "avg_expected_loss": 1.5673221253923006
        },
        {
            "rmse": 1.0744977685158097,
            "mae": 0.7909090909090909,
            "pearson": 0.5627297281819567,
            "spearman": 0.5978565729315489,
            "kendall": 0.5263818716590627,
            "accuracy": 0.35,
            "avg_expected_loss": 1.5669060239286134
        },
        {
            "rmse": 1.0942741418108615,
            "mae": 0.8025641025641026,
            "pearson": 0.5441362410340201,
            "spearman": 0.5871255057028648,
            "kendall": 0.516751135403077,
            "accuracy": 0.3474358974358974,
            "avg_expected_loss": 1.5666529073165014
        },
        {
            "rmse": 1.115600832462626,
            "mae": 0.8184782608695652,
            "pearson": 0.5232449007654632,
            "spearman": 0.5731850100101638,
            "kendall": 0.5040812591831887,
            "accuracy": 0.3423913043478261,
            "avg_expected_loss": 1.5665069909199425
        },
        {
            "rmse": 1.1373295558098007,
            "mae": 0.8342592592592593,
            "pearson": 0.5014415813564143,
            "spearman": 0.5581959500625806,
            "kendall": 0.49022333681480673,
            "accuracy": 0.33796296296296297,
            "avg_expected_loss": 1.5664934193646467
        },
        {
            "rmse": 1.1540130119483192,
            "mae": 0.846031746031746,
            "pearson": 0.4872267540912299,
            "spearman": 0.5484307214375488,
            "kendall": 0.48100547606452737,
            "accuracy": 0.3357142857142857,
            "avg_expected_loss": 1.566459619525879
        },
        {
            "rmse": 1.175666526197764,
            "mae": 0.8589041095890411,
            "pearson": 0.46705318835788157,
            "spearman": 0.5329832381628451,
            "kendall": 0.46735736790007193,
            "accuracy": 0.33493150684931505,
            "avg_expected_loss": 1.5664085565364525
        },
        {
            "rmse": 1.191487665543734,
            "mae": 0.8696428571428572,
            "pearson": 0.45058294103016994,
            "spearman": 0.5208646097947438,
            "kendall": 0.4564869921932092,
            "accuracy": 0.3327380952380952,
            "avg_expected_loss": 1.5663472849698294
        },
        {
            "rmse": 1.2041594578792296,
            "mae": 0.878125,
            "pearson": 0.43553000354132887,
            "spearman": 0.5093309067614171,
            "kendall": 0.44622114824876963,
            "accuracy": 0.33125,
            "avg_expected_loss": 1.5662787960842253
        },
        {
            "rmse": 1.2115650656307653,
            "mae": 0.8825688073394495,
            "pearson": 0.4242536236527085,
            "spearman": 0.5008683258424148,
            "kendall": 0.4388823562116028,
            "accuracy": 0.3311926605504587,
            "avg_expected_loss": 1.5661982725519652
        },
        {
            "rmse": 1.2195894284486644,
            "mae": 0.8865853658536585,
            "pearson": 0.4135164398388792,
            "spearman": 0.49252879641136404,
            "kendall": 0.43176100932258216,
            "accuracy": 0.33211382113821136,
            "avg_expected_loss": 1.566125086604095
        },
        {
            "rmse": 1.22976373364143,
            "mae": 0.8913043478260869,
            "pearson": 0.4018235995477474,
            "spearman": 0.4829285651059639,
            "kendall": 0.42346220620601227,
            "accuracy": 0.33405797101449275,
            "avg_expected_loss": 1.5660584811715113
        },
        {
            "rmse": 1.2410720125197168,
            "mae": 0.8954545454545455,
            "pearson": 0.38939011235145404,
            "spearman": 0.47289733239726994,
            "kendall": 0.41495416581814576,
            "accuracy": 0.337012987012987,
            "avg_expected_loss": 1.5660326559048194
        },
        {
            "rmse": 1.2521326835882616,
            "mae": 0.9,